Roll,Esp_12,Unnamed: 2,Unnamed: 3,Unnamed: 4,ID No.
70,Che,,,,1190070
109,Che,,,,1190109
120,Che,,,,1190120
132,Che,,,,1190132
147,Che,,,,1190147
148,Che,,,,1190148
73,Che,,,,1190073
97,Che,,,,1190097
150,Che,,,,1190150
39,Che,,,,1190039
33,Che,,,,1190033
69,Che,,,,1190069
121,Che,,,,1190121
76,Che,,,,1190076
78,Che,,,,1190078
40,Che,,,,1190040
118,Che,,,,1190118
101,Che,,,,1190101
88,Che,,,,1190088
116,Che,,,,1190116
143,Che,,,,1190143
1,,,,,1190001
4,,,,,1190004
10,,,,,1190010
13,,,,,1190013
19,,,,,1190019
21,,,,,1190021
27,,,,,1190027
28,,,,,1190028
32,,,,,1190032
36,,,,,1190036
43,,,,,1190043
46,,,,,1190046
49,,,,,1190049
52,,,,,1190052
54,,,,,1190054
57,,,,,1190057
58,,,,,1190058
59,,,,,1190059
60,,,,,1190060
61,,,,,1190061
62,,,,,1190062
64,,,,,1190064
67,,,,,1190067
68,,,,,1190068
71,,,,,1190071
77,,,,,1190077
79,,,,,1190079
80,,,,,1190080
81,,,,,1190081
82,,,,,1190082
84,,,,,1190084
86,,,,,1190086
87,,,,,1190087
94,,,,,1190094
96,,,,,1190096
103,,,,,1190103
104,,,,,1190104
105,,,,,1190105
106,,,,,1190106
113,,,,,1190113
114,,,,,1190114
115,,,,,1190115
117,,,,,1190117
119,,,,,1190119
122,,,,,1190122
126,,,,,1190126
130,,,,,1190130
131,,,,,1190131
135,,,,,1190135
137,,,,,1190137
139,,,,,1190139
141,,,,,1190141
149,,,,,1190149
