Roll,ID No.
1,1190001
4,1190004
10,1190010
13,1190013
19,1190019
21,1190021
27,1190027
28,1190028
32,1190032
33,1190033
36,1190036
39,1190039
40,1190040
43,1190043
46,1190046
49,1190049
52,1190052
54,1190054
57,1190057
58,1190058
59,1190059
60,1190060
61,1190061
62,1190062
64,1190064
67,1190067
68,1190068
69,1190069
70,1190070
71,1190071
73,1190073
76,1190076
77,1190077
78,1190078
79,1190079
80,1190080
81,1190081
82,1190082
84,1190084
86,1190086
87,1190087
88,1190088
94,1190094
96,1190096
97,1190097
101,1190101
103,1190103
104,1190104
105,1190105
106,1190106
109,1190109
113,1190113
114,1190114
115,1190115
116,1190116
117,1190117
118,1190118
119,1190119
120,1190120
121,1190121
122,1190122
126,1190126
130,1190130
131,1190131
132,1190132
135,1190135
137,1190137
139,1190139
141,1190141
143,1190143
147,1190147
148,1190148
149,1190149
150,1190150
